method,h,n,vm_tmean,vm_med,en_tmean,en_med,cells
GPT-max,1.0,772,0.63,0.652,0.872,0.915,97257
GPT-max,1.25,773,0.687,0.714,0.9,0.944,58108
GPT-max,1.6,773,0.728,0.76,0.925,0.959,33900
GPT-max,2.0,773,0.748,0.784,0.938,0.967,20980
GPT-mid,1.0,769,0.644,0.665,0.879,0.921,93296
GPT-mid,1.25,770,0.686,0.716,0.899,0.939,56070
GPT-mid,1.6,769,0.733,0.762,0.932,0.956,32879
GPT-mid,2.0,769,0.753,0.788,0.941,0.967,20281
GPT-none,1.0,767,0.636,0.667,0.86,0.907,120231
GPT-none,1.25,768,0.68,0.707,0.894,0.935,69354
GPT-none,1.6,768,0.736,0.763,0.928,0.954,38694
GPT-none,2.0,768,0.748,0.785,0.935,0.966,22895
GReFEM-mid,1.0,767,0.636,0.667,0.873,0.92,97851
GReFEM-mid,1.25,768,0.688,0.71,0.906,0.937,58738
GReFEM-mid,1.6,768,0.727,0.75,0.926,0.958,34082
GReFEM-mid,2.0,768,0.751,0.793,0.938,0.97,20979
GReFEM-none,1.0,768,0.622,0.658,0.864,0.914,106811
GReFEM-none,1.25,769,0.687,0.713,0.901,0.939,63138
GReFEM-none,1.6,769,0.724,0.757,0.923,0.953,36129
GReFEM-none,2.0,769,0.762,0.796,0.945,0.97,21944
