method,h_scale,N,vm_trim,vm_med,en_trim,en_med,cells_med,N_paired,d_vm_med,p_vm(grefem<amber),d_en_med,p_en(grefem<amber)
AMBER (adapted),1.0,724,0.6655456618525489,0.6785115269224503,0.8747537115998497,0.929492480664346,74462.5,724.0,-0.024028625549260385,0.0009363515606994004,-0.0007465064864368154,0.6413951262411955
AMBER (default),1.0,717,0.649910139782747,0.663722092734642,0.8672244160031164,0.9117820922595437,75789.0,717.0,-7.494227460824732e-12,0.13133158315842514,0.0071497044128178144,0.9965757807469803
GReFEM (max),1.0,773,0.628929159438432,0.6534018448176265,0.8806511425527788,0.920759661479363,77607.0,,,,,
AMBER (adapted),1.25,729,0.6985908216946543,0.7329144813585313,0.9014466010530212,0.9476911835763672,45457.0,729.0,-0.0071755546237128875,0.07610925288581659,-0.0002683908746355934,0.4886857934727476
AMBER (default),1.25,711,0.6732667886067727,0.7060335724499518,0.8942078794498209,0.9353787131815272,46135.0,711.0,0.016027423959860232,0.9630267708279215,0.004360338350629989,0.9943994770352393
GReFEM (max),1.25,773,0.6915522131658255,0.7183361982650219,0.905871273744484,0.9420852752139396,47337.0,,,,,
AMBER (adapted),1.6,729,0.7440602076888589,0.7775942055402514,0.9326040864613543,0.9656611623763938,26279.0,729.0,-0.022010231760642207,0.002089862245313724,-0.0033384076853355538,0.01533510588169876
AMBER (default),1.6,709,0.7148443156165625,0.7486613832712022,0.9156944568553964,0.954717841364036,27081.0,709.0,0.013422969504857774,0.9435681776641179,0.0024888904001671985,0.9848883609366179
GReFEM (max),1.6,773,0.7234403448075232,0.7541324165806315,0.927414523261862,0.9555880098120886,27064.0,,,,,
AMBER (adapted),2.0,729,0.7648607179948744,0.810785826804303,0.944248124715819,0.9732522479377969,16851.0,729.0,-0.005198462908158397,0.19368733938480803,-0.002046671211312412,0.023395366088146383
AMBER (default),2.0,708,0.7516239885685659,0.7906890489096994,0.9434874475033639,0.9677773441132789,16807.0,708.0,0.010258176709936395,0.8789812671672822,-0.0009673501989370115,0.40044180178321054
GReFEM (max),2.0,773,0.7543092238959148,0.795332692438558,0.940010641534103,0.97041509928667,16168.0,,,,,
