h_scale,method,vm_t,vm_m,en_t,en_m,cells
1.0,coarse,0.7370986964065068,0.7843084967263956,0.94302572112236,0.9666626674925646,7627.0
1.0,grefem_max,0.628929159438432,0.6534018448176265,0.8806511425527788,0.920759661479363,77607.0
1.0,heuristic_sub,0.6723807874495954,0.6964403963756136,0.8909101487760899,0.927580019262519,75580.0
1.0,mech_sub,0.5657000243721068,0.5893118745087116,0.8676664340924354,0.9143213608287089,70729.0
1.0,zz_coarse,0.6711501498613406,0.6998271833903843,0.8857574215103514,0.9254643841941662,75877.0
1.0,zz_oracle,0.550887260712181,0.584070997134105,0.8507340293141424,0.9087807530450411,61392.0
1.25,coarse,0.7371121160668772,0.7843084967263956,0.9430277244528018,0.9666626674925646,7627.0
1.25,grefem_max,0.6915522131658255,0.7183361982650219,0.9058712737444837,0.9420852752139396,47337.0
1.25,heuristic_sub,0.6880991520151802,0.7142403054256479,0.8954479954752971,0.93041695524972,47228.0
1.25,mech_sub,0.628223613421571,0.6533305798433349,0.8913160192414166,0.9307504020349611,45623.0
1.25,zz_coarse,0.715426753906763,0.7547896961353667,0.9054769732552905,0.9519921741598074,47228.0
1.25,zz_oracle,0.6087511954371901,0.6422046118293004,0.8682546339388519,0.9211353997279869,41815.0
1.6,coarse,0.7371121160668772,0.7843084967263956,0.9430277244528018,0.9666626674925646,7627.0
1.6,grefem_max,0.7234403448075233,0.7541324165806315,0.927414523261862,0.9555880098120886,27064.0
1.6,heuristic_sub,0.7448034187498395,0.7736898758713392,0.9342667122121465,0.9611052200504291,27208.0
1.6,mech_sub,0.686611803810214,0.7161084055233367,0.9145021182390328,0.9478849130210439,26036.0
1.6,zz_coarse,0.7282586266729059,0.767445605185076,0.9252128588506687,0.9568996745008399,26923.0
1.6,zz_oracle,0.7005197702205151,0.7416829916823271,0.9154606607844915,0.9560443256727319,24843.0
2.0,coarse,0.7371121160668772,0.7843084967263956,0.9430277244528018,0.9666626674925646,7627.0
2.0,grefem_max,0.7543092238959148,0.795332692438558,0.940010641534103,0.9704150992866701,16168.0
2.0,heuristic_sub,0.7640644308828656,0.7977524748614716,0.9419768388265036,0.9698007939782199,16109.0
2.0,mech_sub,0.7331650686083837,0.7707810439895704,0.9279995499635095,0.9639236571062347,15905.0
2.0,zz_coarse,0.7580358792891477,0.7997155571817458,0.9431788096915356,0.972094439363566,15855.0
2.0,zz_oracle,0.7270221890179007,0.7746596000635662,0.9308922952580565,0.9678432955953686,15231.0
